ID,Name,English,On,Off,Total,Daily,Point,Address,tm2_x,tm2_y,latitude,longitude
A03,七堵,Qidu,"2,283,407","2,287,588","4,570,995",12523,Point (322051.9469999996945262 2776285.678999999538064),基隆市七堵區長興里東新街2號之1,322051.9469999997,2776285.6789999995,25.093150892661026,121.71433728105139
A014,三坑,Sankeng,"538,602","568,292","1,106,894",3033,Point (324822.5669999998062849 2779632.99799999967217445),基隆市仁愛區龍安街206號,324822.5669999998,2779632.9979999997,25.123233988237764,121.74198633043898
A91,三塊厝,Sankuaicuo,"238,549","255,806","494,355",1354,Point (177450.41690000033122487 2504517.47609999915584922),高雄市三民區康平街1號,177450.41690000033,2504517.476099999,22.639325223744073,120.29415806330611
A294,三姓橋,Sanxingqiao,"499,236","464,019","963,255",2639,Point (242769.42999999970197678 2742218.89599999971687794),新竹市香山區元培街32巷30號,242769.4299999997,2742218.8959999997,24.78728321834667,120.92849027813601
M24,三民,Sanmin,"3,784","4,432","8,216",23,Point (285293.93870000098831952 2591334.67770000081509352),花蓮縣玉里鎮三民里三民10號,285293.938700001,2591334.677700001,23.42451686905529,121.34537791413847
T06,三義,Sanyi,"272,890","276,788","549,678",1506,Point (227080.32799999974668026 2701626.73100000061094761),苗栗縣三義鄉雙湖村雙湖90號,227080.32799999975,2701626.7310000006,24.420630565689844,120.77398634151825
E05,三貂嶺,Sandiaoling,"65,619","61,684","127,303",349,Point (332984.60900000017136335 2773287.80700000002980232),新北市瑞芳區碩仁里魚寮路1號,332984.6090000002,2773287.807,25.06552659965305,121.82253676417811
V02,上員,Shangyuan,"26,575","26,980","53,555",147,Point (255641.45100000035017729 2741164.01899999938905239),新竹縣竹東鎮上員里光明路(無站房),255641.45100000035,2741164.0189999994,24.777765794602637,121.05578921878475
A20,中壢,Zhongli,"8,951,495","9,116,328","18,067,823",49501,Point (272715.63850000035017729 2760628.83999999985098839),,272715.63850000035,2760628.84,24.95334535448719,121.22495576329558
A81,中洲,Zhongzhou,"140,307","139,553","279,860",767,Point (173341.22809999997843988 2533905.82349999900907278),臺南市仁德區中洲路298-1號,173341.22809999998,2533905.823499999,22.904527669773014,120.25273854485157
E21,中里,Zhongli,"15,665","16,235","31,900",87,Point (328449.64199999999254942 2732176.70099999941885471),宜蘭縣五結鄉台興路10號,328449.642,2732176.7009999994,24.69463028246133,121.77527015679675
P03,九曲堂,Jiuqutang,"457,867","458,248","916,115",2510,Point (190492.3092999994114507 2506353.04579999996349216),高雄市大樹區久堂路鐵路巷15號,190492.3092999994,2506353.0458,22.656409979695773,120.42096887832972
V05,九讚頭,Jiuzantou,"17,740","17,364","35,104",96,Point (263782.74799999967217445 2734841.3619999997317791),新竹縣橫山鄉中豐路二段286巷29號,263782.7479999997,2734841.3619999997,24.720629032540653,121.13623745004162
A55,二水,Ershui,"378,733","378,079","756,812",2073,Point (211087.26040000002831221 2634389.57650000043213367),彰化縣二水鄉光文路1號,211087.26040000003,2634389.5765000004,23.813212667271905,120.61808477152228
E20,二結,Erjie,"47,124","45,572","92,696",254,Point (328332.80099999997764826 2733356.96000000089406967),宜蘭縣五結鄉五結中路三段658巷8號,328332.801,2733356.960000001,24.705291522024513,121.77418142668574
A05,五堵,Wudu,"890,394","714,984","1,605,378",4398,Point (317349.01200000010430813 2774570.83799999952316284),新北市汐止區長安里長安路17號,317349.0120000001,2774570.8379999995,25.07788705408993,121.66763004818543
T122,五權,Wuquan,"710,553","718,545","1,429,098",3915,Point (216121.8855000002658926 2669322.18710000067949295),臺中市南區建國南路二段201號,216121.88550000027,2669322.1871000007,24.128749681114062,120.66668688077958
A804,仁德,Rende,"301,269","303,263","604,532",1656,Point (172091.60809999890625477 2536020.80749999964609742),臺南市仁德區永德路10號,172091.6080999989,2536020.8074999996,22.923568306488388,120.24045179105637
P15,佳冬,Jiadong,"64,845","63,715","128,560",352,Point (203437.26570000022184104 2479472.12809999985620379),屏東縣佳冬鄉復興路21號,203437.26570000022,2479472.1281,22.414054585584232,120.54771580477782
A80,保安,Bao'an,"565,339","584,952","1,150,291",3151,Point (171191.95569999876897782 2537067.45849999925121665),臺南市仁德區文賢路一段529巷10號,171191.95569999877,2537067.4584999993,22.93297737554358,120.23162815110454
M17,光復,Guangfu,"176,071","173,345","349,416",957,Point (292959.73669999954290688 2618134.6051000002771616),花蓮縣光復鄉中正路一段2-1號,292959.73669999954,2618134.6051000003,23.666332695804762,121.42116221537617
A19,內壢,Neili,"3,638,850","3,563,087","7,201,937",19731,Point (276076.99700000043958426 2762786.82699999958276749),桃園市中壢區中原里中華路一段267號,276076.99700000044,2762786.8269999996,24.97277439802619,121.25828411839177
A884,內惟,Neiwei,"335,018","343,177","678,195",1858,Point (176728.95310000056633726 2507460.35029999865218997),高雄市鼓山區翠華路500號B1,176728.95310000057,2507460.3502999987,22.6658695870007,120.2870020642247
V08,內灣,Neiwan,"163,979","163,622","327,601",898,Point (268467.99100000038743019 2733155.68500000052154064),新竹縣橫山鄉中正路6號,268467.9910000004,2733155.6850000005,24.705360375010898,121.18252701958524
J02,內獅,Neishi,228,335,563,2,Point (213255.66050000046379864 2467498.18210000079125166),屏東縣枋山鄉南和路43號,213255.66050000046,2467498.182100001,22.306153260333947,120.64335997505843
A02,八堵,Badu,"895,739","802,667","1,698,406",4653,Point (323509.76099999994039536 2777976.18099999986588955),基隆市暖暖區八南里八堵路142號,323509.76099999994,2777976.181,25.10834165239585,121.72887986871154
R014,八斗子,Badouzi,"21,698","25,141","46,839",128,Point (330956.16399999987334013 2781007.60500000044703484),基隆市中正區/新北市瑞芳區交界處(無站房),330956.1639999999,2781007.6050000004,25.13532609481864,121.8028874079824
P04,六塊厝,Liukuaicuo,"58,866","60,453","119,319",327,Point (195018.71789999934844673 2507392.15369999967515469),屏東縣屏東市光復路392號,195018.71789999935,2507392.1536999997,22.665946958630368,120.46497454017577
V012,六家,Liujia,"1,418,312","1,360,795","2,779,107",7614,Point (253976.13599999994039536 2744464.30499999970197678),新竹縣竹北市復興三路二段229號,253976.13599999994,2744464.3049999997,24.807568090569408,121.03933004838893
E23,冬山,Dongshan,"210,106","211,363","421,469",1155,Point (330208.1380000002682209 2725746.61299999989569187),宜蘭縣冬山鄉冬山村中正路1之2號,330208.13800000027,2725746.613,24.636489212388327,121.79228032138522
J01,加祿,Jialu,"28,192",781,"28,973",79,Point (211332.55670000019017607 2470248.70769999967887998),屏東縣枋山鄉加祿村會社53號,211332.5567000002,2470248.7076999997,22.33095200152322,120.62462823692341
I13,北埔,Beipu,"62,272","63,252","125,524",344,Point (311196.75349999888567254 2658751.30649999994784594),花蓮縣新城鄉自強街113號,311196.7534999989,2658751.3065,24.0324822847113,121.60163561999236
A274,北新竹,NorthHsinchu,"1,021,514","1,046,098","2,067,612",5665,Point (248363.02400000020861626 2744579.94500000029802322),新竹市東區中華路一段291之2號,248363.0240000002,2744579.9450000003,24.80861645296579,120.98380767419579
A244,北湖,Beihu,"341,317","341,325","682,642",1870,Point (255648.87700000032782555 2757155.26700000092387199),新竹縣湖口鄉東興村北湖路1號,255648.87700000033,2757155.267000001,24.922143710142254,121.05592752591595
N02,十分,Shifen,"477,697","466,316","944,013",2586,Point (328207.39300000015646219 2770543.35199999995529652),新北市平溪區十分街51號,328207.39300000016,2770543.352,25.041005824764664,121.77503308882453
V00,千甲,Qianjia,"116,765","113,984","230,749",632,Point (250351.16700000036507845 2744362.85600000061094761),新竹市東區水源里千甲路142號,250351.16700000037,2744362.8560000006,24.806657275814892,121.00347355193168
T04,南勢,Nanshi,"55,147","53,601","108,748",298,Point (228874.54499999992549419 2712907.17200000025331974),苗栗縣苗栗市新英里南勢39號,228874.54499999993,2712907.1720000003,24.522506590618185,120.79151156296221
P12,南州,Nanzhou,"197,626","193,382","391,008",1071,Point (199767.67110000067623332 2488117.41290000034496188),屏東縣南州鄉仁里路86號,199767.67110000068,2488117.4129000003,22.492026688845314,120.51179910533727
M14,南平,Nanping,"7,481","7,069","14,550",40,Point (296698.40270000067539513 2630986.83589999936521053),花蓮縣鳳林鎮自強路233號,296698.4027000007,2630986.8358999994,23.78227940182204,121.45821933259352
A154,南樹林,SouthShulin,"507,702","492,615","1,000,317",2741,Point (291274.99199999962002039 2763681.38399999961256981),新北市樹林區中山里中山路二段230號,291274.9919999996,2763681.3839999996,24.98051338344502,121.40883951389084
A07,南港,Nangang,"5,458,735","5,758,085","11,216,820",30731,Point (311252.07299999985843897 2771829.85300000011920929),臺北市南港區南港里南港路一段313號,311252.07299999986,2771829.853,25.053401556641468,121.60707200117086
I04,南澳,Nan'ao,"269,898","265,580","535,478",1467,Point (331205.78100000042468309 2706574.18200000002980232),宜蘭縣蘇澳鎮南強里大通路22號,331205.7810000004,2706574.182,24.463347540817985,121.8010340295344
A744,南科,Nanke,"524,129","481,714","1,005,843",2756,Point (178500.93929999967804179 2556336.92890000063925982),臺南市新市區大營里大營287-300號,178500.93929999968,2556336.9289000006,23.10731040185857,120.30199080170695
A67,南靖,Nanjing,"74,355","73,630","147,985",405,Point (187310.3256999995210208 2590194.75769999902695417),嘉義縣水上鄉三鎮路26號,187310.32569999952,2590194.757699999,23.41340079840336,120.3865908427846
V06,合興,Hexing,"21,064","24,109","45,173",124,Point (265628.46499999985098839 2734402.2369999997317791),新竹縣橫山鄉中山街一段17號,265628.46499999985,2734402.2369999997,24.716646628835107,121.15447674841742
M06,吉安,Ji'an,"206,711","205,309","412,020",1129,Point (309289.01630000089062378 2651618.71790000097826123),花蓮縣吉安鄉南昌街200號,309289.0163000009,2651618.717900001,23.968153882892565,121.58259109416542
T09,后里,Houli,"857,347","861,123","1,718,470",4708,Point (222909.43549999935203232 2689302.09590000007301569),臺中市后里區甲后路一段1號,222909.43549999935,2689302.0959,24.30928384287486,120.73309055762212
I09,和仁,Heren,"19,965","20,755","40,720",112,Point (322288.52369999949587509 2682027.26369999907910824),花蓮縣秀林鄉和仁路71號,322288.5236999995,2682027.263699999,24.242167234253788,121.71183716948903
I08,和平,Heping,"261,326","263,207","524,533",1437,Point (326468.98629999934928492 2688264.24570000031962991),花蓮縣秀林鄉和平村276號,326468.98629999935,2688264.2457000003,24.29827955779212,121.75333209366205
A51,員林,Yuanlin,"2,723,078","2,772,236","5,495,314",15056,Point (206211.39030000008642673 2650589.53500000014901161),彰化縣員林市民權街55號,206211.3903000001,2650589.535,23.95936357165714,120.56974730600174
A74,善化,Shanhua,"1,231,684","1,234,741","2,466,425",6757,Point (178968.67690000054426491 2559218.43709999974817038),臺南市善化區中山路1號,178968.67690000054,2559218.4370999997,23.133350361587883,120.30642311629518
A624,嘉北,Jiabei,"266,929","274,089","541,018",1482,Point (193656.72250000038184226 2599733.7786999992094934),嘉義市東區保建街110號,193656.72250000038,2599733.778699999,23.49976763666074,120.44832930644318
A63,嘉義,Chiayi,"3,624,532","3,613,488","7,238,020",19830,Point (192917.81409999969764613 2597447.29149999981746078),嘉義市西區中山路528號,192917.8140999997,2597447.2915,23.479095459779984,120.44118177012598
E18,四城,Sicheng,"49,622","47,639","97,261",266,Point (327121.20000000018626451 2742381.15699999965727329),宜蘭縣礁溪鄉吳沙村站前路24號,327121.2000000002,2742381.1569999997,24.786822247598952,121.76270470462411
E02,四腳亭,Sijiaoting,"274,033","263,900","537,933",1474,Point (326845.54899999964982271 2777379.04499999992549419),新北市瑞芳區吉慶里中央路65號,326845.54899999965,2777379.045,25.10278478222211,121.76191992920084
A21,埔心,Puxin,"2,207,548","2,168,636","4,376,184",11990,Point (268554.86500000022351742 2756871.78600000031292439),桃園市楊梅區埔心里永美路208號,268554.8650000002,2756871.7860000003,24.919481643039724,121.18370100240284
A01,基隆,Keelung,"3,513,094","3,301,746","6,814,840",18671,Point (324464.74700000043958426 2780588.14420000091195107),,324464.74700000044,2780588.144200001,25.13187426490269,121.73849004207077
M10,壽豐,Shoufeng,"127,513","127,525","255,038",699,Point (302043.28870000026654452 2640649.60889999940991402),花蓮縣壽豐鄉壽山路1號,302043.28870000027,2640649.6088999994,23.86936410215459,121.51100507927181
E14,外澳,Wai'ao,"44,585","43,238","87,823",241,Point (335467.26499999966472387 2753181.62900000065565109),宜蘭縣頭城鎮外澳里濱海路二段217號,335467.26499999966,2753181.6290000007,24.883881258234446,121.84590029699997
M19,大富,Dafu,"2,478","2,344","4,822",13,Point (289758.35790000093402341 2611406.21549999993294477),花蓮縣光復鄉明德路1號,289758.35790000093,2611406.2155,23.605658839642135,121.3895977784519
A34,大山,Dashan,"29,790","31,200","60,990",167,Point (230136.91000000014901161 2726546.93999999947845936),苗栗縣後龍鎮大山里明山路180號,230136.91000000015,2726546.9399999995,24.6456744529903,120.80377807105188
T121,大慶,Daqing,"1,206,961","1,146,686","2,353,647",6448,Point (214292.95270000054733828 2668285.24690000060945749),臺中市南區大慶街二段130號,214292.95270000055,2668285.2469000006,24.119346544837377,120.64871856977517
A504,大村,Dacun,"308,669","319,175","627,844",1720,Point (205296.42709999997168779 2653991.60610000044107437),彰化縣大村鄉過溝村福進路100號,205296.42709999997,2653991.6061000004,23.99005657629125,120.56065322497233
A61,大林,Dalin,"619,610","612,216","1,231,826",3375,Point (194466.84769999934360385 2610952.36170000024139881),嘉義縣大林鎮中山路2號,194466.84769999934,2610952.3617000002,23.60109590292501,120.45584433573998
A764,大橋,Daqiao,"1,354,443","1,322,890","2,677,333",7335,Point (170491.40950000105658546 2546622.04109999816864729),臺南市永康區中華路835號,170491.40950000106,2546622.041099998,23.019221411763457,120.22430606738573
J08,大武,Dawu,"75,480","74,140","149,620",410,Point (239786.61809999917750247 2473994.43930000020191073),臺東縣大武鄉大鳥村和平部落33號,239786.61809999918,2473994.4393,22.365185754896476,120.90082690872502
A82,大湖,Dahu,"619,099","587,537","1,206,636",3306,Point (173455.48390000022482127 2530989.54189999867230654),高雄市路竹區天祐路24號,173455.48390000022,2530989.5418999987,22.87819861457469,120.2539962005827
E12,大溪,Daxi,"75,061","70,779","145,840",400,Point (339865.51499999966472387 2759246.1830000001937151),宜蘭縣頭城鎮大溪里濱海路五段63號,339865.51499999966,2759246.183,24.93837537213763,121.8898199649237
A42,大甲,Dajia,"1,086,687","1,092,627","2,179,314",5971,Point (212159.3188000004447531 2693216.32399999862536788),臺中市大甲區中山路一段828號,212159.31880000044,2693216.3239999986,24.34440233424803,120.62707327457628
A47,大肚,Dadu,"279,725","277,914","557,639",1528,Point (203506.79090000066207722 2672165.03149999957531691),臺中市大肚區平和街121號,203506.79090000066,2672165.0314999996,24.154096761845476,120.54248337496509
N01,大華,Dahua,"6,507","5,299","11,806",32,Point (330478.13700000010430813 2771532.79700000025331974),新北市平溪區六分路12之1號,330478.1370000001,2771532.7970000003,25.049818910833228,121.7975921857905
E11,大里,Dali,"88,343","59,845","148,188",406,Point (343146.79999999981373549 2762409.59100000001490116),宜蘭縣頭城鎮大里里濱海路六段326號,343146.7999999998,2762409.591,24.966734770955554,121.92251971079617
T114,太原,Taiyuan,"860,762","848,677","1,709,439",4683,Point (219511.16089999978430569 2673260.25730000017210841),臺中市北屯區東光路665號,219511.16089999978,2673260.2573,24.16437675985073,120.69994921695002
J14,太麻里,Taimali,"63,397","62,879","126,276",346,Point (250510.86790000094333664 2502077.40049999859184027),臺東縣太麻里鄉站前路2號,250510.86790000094,2502077.4004999986,22.61884200332119,121.00496963603622
E19,宜蘭,Yilan,"1,460,679","1,457,715","2,918,394",7996,Point (326666.8619999997317791 2738812.06599999964237213),宜蘭縣宜蘭市和睦里光復路1號,326666.86199999973,2738812.0659999996,24.75462379698056,121.75801609712366
A24,富岡,Fugang,"667,014","661,786","1,328,800",3641,Point (258391.27599999960511923 2758512.31000000052154064),桃園市楊梅區富岡里成功路37號,258391.2759999996,2758512.3100000005,24.934383062453012,121.08308723808585
M20,富源,Fuyuan,"13,972","14,544","28,516",78,Point (288799.18550000007962808 2608596.26429999945685267),花蓮縣瑞穗鄉富源路2號,288799.1855000001,2608596.2642999995,23.580308688006006,121.38012575976983
V07,富貴,Fugui,"3,916","28,377","32,293",88,Point (266937.7630000002682209 2734277.63900000043213367),新竹縣橫山鄉(無站房),266937.76300000027,2734277.6390000004,24.7155077877223,121.16741672234645
M33,富里,Fuli,"65,195","65,279","130,474",357,Point (275451.12890000076731667 2564138.69210000056773424),花蓮縣富里鄉街56號,275451.12890000077,2564138.6921000006,23.179112108895225,121.2486026230115
P05,屏東,Pingtung,"3,873,061","3,921,211","7,794,272",21354,Point (197202.89750000083586201 2507709.82430000090971589),屏東縣屏東市公勇路62號,197202.89750000084,2507709.824300001,22.66888533290774,120.48621754189773
A16,山佳,Shanjia,"628,134","616,802","1,244,936",3411,Point (289636.25999999977648258 2762808.98000000044703484),新北市樹林區中山里中山路三段108號,289636.2599999998,2762808.9800000004,24.972680846058378,121.39258275351288
M45,山里,Shanli,"2,877","2,775","5,652",15,Point (264142.2214999997522682 2528998.73970000026747584),臺東縣卑南鄉山里路108號,264142.22149999975,2528998.7397000003,22.861909862857523,121.13781647486276
A85,岡山,Gangshan,"976,138","1,017,911","1,994,049",5463,Point (178134.60369999910471961 2521445.58589999936521053),高雄市岡山區岡燕路111號,178134.6036999991,2521445.5858999994,22.792221696974384,120.30003724153877
P11,崁頂,Kanding,"64,088","54,033","118,121",324,Point (200076.80989999897428788 2490436.63670000061392784),屏東縣崁頂鄉中正路122號,200076.80989999897,2490436.6367000006,22.51298061044076,120.51473043479153
I10,崇德,Chongde,"5,975","5,690","11,665",32,Point (316593.47190000105183572 2674223.99029999971389771),花蓮縣秀林鄉海濱路96號,316593.47190000105,2674223.9902999997,24.171965487085348,121.65539963089385
A31,崎頂,Qiding,"115,818","109,800","225,618",618,Point (237026.83700000029057264 2735101.78999999910593033),苗栗縣竹南鎮崎頂里北戶55號,237026.8370000003,2735101.789999999,24.722987412791635,120.87176257735705
N03,嶺腳,Lingjiao,"12,386","10,493","22,879",63,Point (325485.58899999968707561 2769325.69500000029802322),新北市平溪區嶺腳街22號,325485.5889999997,2769325.6950000003,25.030151587674027,121.7479952688095
A88,左營,Zuoying,"290,010","287,708","577,718",1583,Point (177458.68189999967580661 2508411.0821000006981194),高雄市鼓山區翠華路1050號B1,177458.68189999968,2508411.0821000007,22.674486541333753,120.29405867885478
M09,平和,Pinghe,"3,330","4,079","7,409",20,Point (302999.93690000078640878 2642135.62230000086128712),花蓮縣壽豐鄉平和路1號,302999.9369000008,2642135.622300001,23.88275037531193,121.52045160810246
N04,平溪,Pingxi,"93,370","95,133","188,503",516,Point (324683.12999999988824129 2768813.48100000061094761),新北市平溪區中華街12號,324683.1299999999,2768813.4810000006,25.025567331774386,121.74001640431709
J17,康樂,Kangle,"6,836","6,659","13,495",37,Point (259602.84989999938989058 2518183.17549999943003058),臺東縣臺東市博物館路51巷131號,259602.8498999994,2518183.1754999994,22.764267343973007,121.0935134883362
A49,彰化,Changhua,"4,847,635","4,924,230","9,771,865",26772,Point (203072.06639999989420176 2664138.00980000011622906),彰化縣彰化市三民路1號,203072.0663999999,2664138.0098,24.081606735041685,120.5384655701358
A68,後壁,Houbi,"219,105","218,456","437,561",1199,Point (184623.22950000019045547 2584976.08390000136569142),臺南市後壁區後壁里後壁77號,184623.2295000002,2584976.0839000014,23.3661721735427,120.36052549701547
P02,後庄,Houzhuang,"247,788","245,124","492,912",1350,Point (187434.86689999929512851 2504568.95109999971464276),高雄市大寮區民慶街9號,187434.8668999993,2504568.9510999997,22.64018824308416,120.39129114821263
A35,後龍,Houlong,"423,480","405,184","828,664",2270,Point (228442.74199999962002039 2723267.43099999986588955),苗栗縣後龍鎮北龍里街127之2號,228442.74199999962,2723267.431,24.6160417582064,120.78709211846609
M08,志學,Zhixue,"130,693","123,805","254,498",697,Point (303903.59810000064317137 2644884.97770000109449029),花蓮縣壽豐鄉中正路1號,303903.59810000064,2644884.977700001,23.907544905179037,121.52942618688503
T14,成功,Chenggong,"241,813","418,881","660,694",1810,Point (208340.51210000045830384 2667741.03449999820441008),臺中市烏日區中山路三段550號,208340.51210000046,2667741.034499998,24.11428685885402,120.59017594333207
A73,拔林,Balin,"65,199","62,291","127,490",349,Point (180520.47449999878881499 2563558.76629999931901693),臺南市官田區拔林里拔子林83之1號,180520.4744999988,2563558.7662999993,23.172609128804172,120.32137726349518
A58,斗六,Douliu,"2,042,255","2,041,106","4,083,361",11187,Point (203219.50800000037997961 2623166.18999999947845936),雲林縣斗六市信義里民生路187號,203219.50800000038,2623166.1899999995,23.71165983010849,120.54122264260594
A59,斗南,Dounan,"747,390","745,576","1,492,966",4090,Point (197023.20399999991059303 2618862.83699999935925007),雲林縣斗南鎮南昌里中山路2號,197023.2039999999,2618862.8369999994,23.67261032741845,120.48061090087907
I11,新城,Xincheng,"180,834","177,748","358,582",982,Point (315123.32449999958043918 2669297.46469999989494681),花蓮縣新城鄉新興一路73號,315123.3244999996,2669297.4647,24.127546194287916,121.64070962707447
A38,新埔,Xinpu,"26,830","29,074","55,904",153,Point (219120.71899999957531691 2714881.34400000050663948),苗栗縣通霄鎮新埔里新埔57號,219120.71899999958,2714881.3440000005,24.540167322441537,120.69520831211199
A242,新富,Xinfu,"133,528","133,311","266,839",731,Point (256847.63900000043213367 2758158.20700000040233135),桃園市楊梅區富豐里富全街1號,256847.63900000043,2758158.2070000004,24.931193794984498,121.0678009892509
A874,新左營,Xinzuoying,"4,569,093","4,567,775","9,136,868",25033,Point (178773.23290000125416555 2509850.2708999989554286),高雄市左營區站前北路1號,178773.23290000125,2509850.270899999,22.687538916618102,120.30678526441022
A75,新市,Xinshi,"815,074","799,749","1,614,823",4424,Point (177249.78010000014910474 2552006.72450000047683716),臺南市新市區中華路1號,177249.78010000015,2552006.7245000005,23.068154424911242,120.28998251020882
T134,新烏日,Xinwuri,"3,117,915","2,950,775","6,068,690",16627,Point (210790.50210000047809444 2667233.37529999949038029),臺中市烏日區高鐵東一路26號,210790.50210000048,2667233.3752999995,24.109765828286054,120.61429094644382
A69,新營,Xinying,"1,849,718","1,859,391","3,709,109",10162,Point (180774.25049999915063381 2578421.75110000092536211),臺南市新營區中山路1號,180774.25049999915,2578421.751100001,23.30683001810746,120.32317917593849
A29,新竹,Hsinchu,"7,379,627","7,401,663","14,781,290",40497,Point (247131.80900000035762787 2743794.321000000461936),新竹市東區榮光里中華路二段445號,247131.80900000036,2743794.3210000005,24.80152154052093,120.97163059255769
V004,新莊,Xinzhuang,"776,214","794,996","1,571,210",4305,Point (252225.36699999962002039 2742312.75999999977648258),新竹市東區新莊里關東路310號,252225.36699999962,2742312.76,24.78814614438557,121.02200884582359
A26,新豐,Xinfeng,"2,131,295","2,166,030","4,297,325",11773,Point (249685.23900000005960464 2751356.51799999922513962),新竹縣新豐鄉員山村新興路202號,249685.23900000006,2751356.517999999,24.86980011044534,120.99688497647443
E24,新馬,Xinma,0,0,0,0,Point (333322.63300000037997961 2723428.15200000070035458),宜蘭縣蘇澳鎮中山路二段322號,333322.6330000004,2723428.1520000007,24.61539314742126,121.82290519261748
A41,日南,Rinan,"122,641","121,708","244,349",669,Point (214915.98959999982616864 2696937.83320000022649765),臺中市大甲區中山路二段140巷8號,214915.98959999983,2696937.8332,24.37806813600157,120.65414903987964
I12,景美,Jingmei,"4,910","4,199","9,109",25,Point (312113.71910000068601221 2665168.62609999906271696),花蓮縣秀林鄉加灣178-1號,312113.7191000007,2665168.626099999,24.090388529948328,121.6109243369887
E01,暖暖,Nuannuan,"195,309","198,383","393,692",1079,Point (324699.76599999982863665 2777298.52099999971687794),基隆市暖暖區暖暖街51號,324699.7659999998,2777298.5209999997,25.102165615952508,121.7406416392875
N021,望古,Wanggu,"8,247","11,364","19,611",54,Point (327078.54999999981373549 2769824.83999999985098839),新北市平溪區(無站房),327078.5499999998,2769824.84,25.03457736436525,121.76380690411108
P16,東海,Donghai,"27,088","53,564","80,652",221,Point (205970.46470000129193068 2477791.49589999997988343),屏東縣枋寮鄉西安路92號,205970.4647000013,2477791.4959,22.398943525799268,120.572367776133
I03,東澳,Dong'ao,"62,047","65,727","127,774",350,Point (334173.79399999976158142 2712669.47100000083446503),宜蘭縣南澳鄉東岳村1號,334173.79399999976,2712669.471000001,24.518218094287224,121.83067023232688
M31,東竹,Dongzhu,"3,359","3,062","6,421",18,Point (278495.86389999923994765 2569338.54410000052303076),花蓮縣富里鄉新興村新興26號,278495.86389999924,2569338.5441000005,23.22601907649376,121.27844010537211
M29,東里,Dongli,"4,549","4,109","8,658",24,Point (281123.39050000061979517 2574475.08999999891966581),花蓮縣富里鄉大莊路15-6號,281123.3905000006,2574475.089999999,23.272356179855244,121.30421923956246
A08,松山,Songshan,"6,503,705","6,596,869","13,100,574",35892,Point (308357.90699999965727329 2771347.88199999928474426),臺北市信義區永吉里松山路11號B1,308357.90699999966,2771347.8819999993,25.049164855954665,121.57836855870354
T113,松竹,Songzhu,"1,015,489","1,025,131","2,040,620",5591,Point (219728.11649999982910231 2675000.73530000168830156),臺中市北屯區松竹路一段1473巷100號,219728.11649999983,2675000.7353000017,24.180096159439604,120.702047852694
A13,板橋,Banqiao,"8,710,983","8,776,950","17,487,933",47912,Point (296853.96300000045448542 2767433.76700000092387199),新北市板橋區縣民大道二段7號,296853.96300000045,2767433.767000001,25.01422818881974,121.4642265828728
P18,枋寮,Fangliao,"424,731","401,572","826,303",2264,Point (208301.63770000083604828 2474368.13529999926686287),屏東縣枋寮鄉儲運路18號,208301.63770000084,2474368.1352999993,22.36808474490874,120.59509807885878
J03,枋山,Fangshan,700,906,"1,606",4,Point (214921.19410000072093681 2463169.55430000089108944),屏東縣獅子鄉內獅巷88號,214921.19410000072,2463169.554300001,22.26709451115077,120.65962005155086
J04,枋野,Fangye,0,0,0,0,Point (220858.07849999913014472 2464674.43949999986216426),屏東縣獅子鄉內獅巷88號,220858.07849999913,2464674.4395,22.280796285008275,120.71719947252635
A56,林內,Linnei,"293,980","296,808","590,788",1619,Point (210754.47599999979138374 2628465.60300000011920929),雲林縣林內鄉中山路42號,210754.4759999998,2628465.603,23.75971329263055,120.61497624748971
M13,林榮新光,LinrongShinKong,"10,267","10,669","20,936",57,Point (297098.4138000012608245 2633226.70529999863356352),花蓮縣鳳林鎮兆豐路800號,297098.41380000126,2633226.7052999986,23.802492663693286,121.4622157956578
P14,林邊,Linbian,"190,420","189,660","380,080",1041,Point (200096.33369999960996211 2481391.75349999964237213),屏東縣林邊鄉仁愛路33號,200096.3336999996,2481391.7534999996,22.43129676923731,120.51520455354506
A71,林鳳營,Linfengying,"199,187","197,027","396,214",1086,Point (180518.74239999958081171 2571309.09450000058859587),臺南市六甲區中社里林鳳營16號,180518.74239999958,2571309.0945000006,23.242593455078403,120.3210068395794
A70,柳營,Liuying,"287,221","273,479","560,700",1536,Point (180696.54310000053374097 2575175.75770000088959932),臺南市柳營區建國路1號,180696.54310000053,2575175.757700001,23.277516169482816,120.32256784323008
T104,栗林,Lilin,"370,688","349,447","720,135",1973,Point (220615.23969999968539923 2681033.1176999993622303),臺中市潭子區潭豐路二段747號,220615.23969999969,2681033.1176999994,24.234580665666023,120.71065636215762
A18,桃園,Taoyuan,"10,057,686","10,351,022","20,408,708",55914,Point (281744.14099999982863665 2764572.8880000002682209),桃園市桃園區武陵里中正路1號,281744.1409999998,2764572.8880000003,24.98879148074788,121.3144557196486
A22,楊梅,Yangmei,"1,920,043","1,846,526","3,766,569",10319,Point (264767.62000000011175871 2756261.98299999907612801),桃園市楊梅區楊梅里大成路256號,264767.6200000001,2756261.982999999,24.9140175422489,121.14619929522692
A87,楠梓,Nanzi,"870,233","846,625","1,716,858",4704,Point (180582.52649999910499901 2514217.00249999901279807),高雄市楠梓區建楠路229號,180582.5264999991,2514217.002499999,22.727047696127777,120.32419976273168
V021,榮華,Ronghua,"85,571","59,069","144,640",396,Point (258420.7369999997317791 2737907.17799999937415123),新竹縣竹東鎮仁愛里北興路(無站房),258420.73699999973,2737907.1779999994,24.748348123137067,121.08325440449495
A15,樹林,Shulin,"5,237,294","5,262,468","10,499,762",28766,Point (292880.72499999962747097 2764879.36999999918043613),新北市樹林區樹北里鎮前街112號,292880.7249999996,2764879.369999999,24.991284445787638,121.42478153818777
A86,橋頭,Qiaotou,"510,625","572,276","1,082,901",2967,Point (179151.52550000039627776 2518000.10769999958574772),高雄市橋頭區站前街14號,179151.5255000004,2518000.1076999996,22.76115103838086,120.31009785072533
V04,橫山,Hengshan,"34,027","33,876","67,903",186,Point (261904.928999999538064 2734815.62099999934434891),新竹縣橫山鄉橫山村橫山路97號(無站房),261904.92899999954,2734815.6209999993,24.720412335261297,121.11767570701949
P006,正義,Zhengyi,"509,351","497,532","1,006,883",2759,Point (182384.77589999933843501 2503937.29010000079870224),高雄市苓雅區正義路308號B1,182384.77589999934,2503937.290100001,22.634289954433978,120.34218734327227
I05,武塔,Wuta,"4,758","5,104","9,862",27,Point (328659.63599999994039536 2704988.64900000020861626),宜蘭縣南澳鄉武塔村新溪路18號,328659.63599999994,2704988.649,24.44916403013555,121.77583238066389
P06,歸來,Guilai,"104,369","102,609","206,978",567,Point (198918.69630000073811971 2505870.2566999988630414),屏東縣屏東市歸仁路1-2號,198918.69630000074,2505870.256699999,22.65232528465249,120.50297376741997
P002,民族,Minzu,"338,659","340,378","679,037",1860,Point (179575.1508999991347082 2504448.18950000032782555),高雄市三民區凱旋一路260號,179575.15089999913,2504448.1895000003,22.638789190936933,120.3148317562117
A62,民雄,Minxiong,"710,661","703,670","1,414,331",3875,Point (191951.50629999919328839 2605865.74070000136271119),嘉義縣民雄鄉和平路2號,191951.5062999992,2605865.7407000014,23.555077302826472,120.43139590143139
A66,水上,Shuishang,"245,807","238,491","484,298",1327,Point (188662.77770000114105642 2592469.03730000089854002),嘉義縣水上鄉下寮村鴿溪寮49號,188662.77770000114,2592469.037300001,23.433988375597842,120.39973113569994
C05,水里,Shuili,"27,724","35,222","62,946",172,Point (235065.03000000026077032 2634933.01700000092387199),南投縣水里鄉民生路442號,235065.03000000026,2634933.017000001,23.81852298712153,120.85341178704702
A76,永康,Yongkang,"1,133,218","1,115,371","2,248,589",6161,Point (173492.04889999935403466 2548719.82349999947473407),臺南市永康區中山路459號,173492.04889999935,2548719.8234999995,23.038304995655665,120.25347434143997
I02,永樂,Yongle,"4,692","4,631","9,323",26,Point (335544.47800000011920929 2718232.59100000001490116),宜蘭縣蘇澳鎮永樂里圳頭路60號,335544.4780000001,2718232.591,24.568366592795513,121.84453183043283
A52,永靖,Yongjing,"206,213","209,066","415,279",1138,Point (206400.87770000007003546 2647115.32349999994039536),彰化縣永靖鄉崙子村永崙路25號,206400.87770000007,2647115.3235,23.927998763842417,120.57171266506967
A06,汐止,Xizhi,"3,910,777","4,060,552","7,971,329",21839,Point (316789.11000000033527613 2773532.7109999991953373),新北市汐止區信望里信義路1號,316789.11000000034,2773532.710999999,25.068540028449966,121.66202964942391
A064,汐科,Xike,"4,268,747","4,324,223","8,592,970",23542,Point (315244.43699999991804361 2772864.25599999912083149),新北市汐止區大同路二段182號,315244.4369999999,2772864.255999999,25.06257288388627,121.6466875768668
M36,池上,Chishang,"212,697","213,850","426,547",1169,Point (272507.3037000002223067 2558287.83730000117793679),臺東縣池上鄉鐵花路30號,272507.3037000002,2558287.837300001,23.126318766098482,121.21976178872933
B02,沙崙,Shalun,"1,333,612","1,246,285","2,579,897",7068,Point (176782.73230000006151386 2536045.34009999874979258),臺南市歸仁區沙崙里歸仁大道102號,176782.73230000006,2536045.3400999987,22.92400199833717,120.28618273779593
A45,沙鹿,Shalu,"1,040,012","1,017,073","2,057,085",5636,Point (205070.56489999900804833 2681360.29939999943599105),臺中市沙鹿區中正街94號,205070.564899999,2681360.2993999994,24.23716690354774,120.55758497249627
T08,泰安,Tai'an,"204,641","206,717","411,358",1127,Point (223795.56899999963934533 2691719.5193000016734004),臺中市后里區安眉路37-12號,223795.56899999964,2691719.5193000017,24.331126110864197,120.74177689872566
A144,浮洲,Fuzhou,"1,249,496","1,192,380","2,441,876",6690,Point (294882.67599999997764826 2766317.66999999992549419),新北市板橋區僑中二街156號,294882.676,2766317.67,25.004211646302334,121.44465936827612
R01,海科館,Haikeguan,"48,314","62,929","111,243",305,Point (330650.17599999997764826 2781255.26400000043213367),基隆市中正區(無站房),330650.176,2781255.2640000004,25.137578206452897,121.79986755340373
M37,海端,Haiduan,"3,022","3,100","6,122",17,Point (268110.33100000047124922 2555691.30660000117495656),臺東縣關山鎮德高里西莊49號,268110.3310000005,2555691.306600001,23.102924606929363,121.17679912019513
A44,清水,Qingshui,"510,912","503,189","1,014,101",2778,Point (206253.74519999872427434 2684291.7923000012524426),臺中市清水區中正街115號,206253.74519999872,2684291.7923000013,24.263668846755934,120.56914619801503
A25,湖口,Hukou,"1,327,969","1,342,334","2,670,303",7316,Point (254448.34999999962747097 2755022.89800000004470348),新竹縣湖口鄉仁勢村中山路二段121號,254448.34999999963,2755022.898,24.902895630910912,121.04403470266145
C01,源泉,Yuanquan,"14,324","14,390","28,714",79,Point (213523.66009999997913837 2632747.45509999990463257),彰化縣二水鄉合興村英義路(無站房),213523.66009999998,2632747.4551,23.79844227556069,120.64203746883807
I07,漢本,Hanben,"3,183","3,013","6,196",17,Point (327967.61400000005960464 2692386.36500000022351742),宜蘭縣南澳鄉澳花村蘇花路一段56號,327967.61400000006,2692386.365,24.335421726605812,121.76831898929792
T11,潭子,Tanzi,"907,492","908,259","1,815,751",4975,Point (220121.18190000011236407 2678592.94210000056773424),臺中市潭子區中山路二段352-1號,220121.1819000001,2678592.9421000006,24.21253852048331,120.70584217472835
P10,潮州,Chaozhou,"1,466,333","1,471,940","2,938,273",8050,Point (202310.52890000026673079 2494537.26270000077784061),屏東縣潮州鎮信義路111號,202310.52890000027,2494537.262700001,22.550077195110454,120.53631874089673
C02,濁水,Zhuoshui,"30,151","29,390","59,541",163,Point (219917.02099999971687794 2636740.00599999912083149),南投縣名間鄉濁水村路15號,219917.02099999972,2636740.005999999,23.83462649206443,120.70469679853183
J10,瀧溪,Longxi,"8,941","8,807","17,748",49,Point (244009.05630000052042305 2484596.8629000005312264),臺東縣太麻里鄉多良村大溪37號,244009.05630000052,2484596.8629000005,22.460960349094236,120.94178735707152
T13,烏日,Wuri,"249,902","257,011","506,913",1389,Point (211624.29969999997410923 2667112.11370000103488564),臺中市烏日區三民街258號,211624.29969999997,2667112.113700001,24.10869140955378,120.6224961943285
E06,牡丹,Mudan,"77,020","101,803","178,823",490,Point (335962.46300000045448542 2772550.09300000034272671),新北市雙溪區牡丹里16鄰牡丹路159號,335962.46300000045,2772550.0930000003,25.05870058981639,121.85200442280896
E04,猴硐,Houtong,"283,867","280,731","564,598",1547,Point (333470.59499999973922968 2775651.16799999959766865),新北市瑞芳區光復里柴寮路70號,333470.59499999974,2775651.1679999996,25.086834710911425,121.82749681022212
M26,玉里,Yuli,"477,886","476,721","954,607",2615,Point (281876.69300000095972791 2581035.12340000085532665),花蓮縣玉里鎮康樂街39號,281876.69300000096,2581035.123400001,23.331580522513274,121.31172039999576
M41,瑞和,Ruihe,"3,113","2,549","5,662",16,Point (265980.07070000062230974 2542082.79280000040307641),臺東縣鹿野鄉瑞景路三段1-1號,265980.0707000006,2542082.7928000004,22.98005272352897,121.15586142018553
M42,瑞源,Ruiyuan,"14,639","14,444","29,083",80,Point (266305.25250000139931217 2539430.0066999988630414),臺東縣鹿野鄉瑞景路一段336巷8-1號,266305.2525000014,2539430.006699999,22.956092955889623,121.15900504815707
M22,瑞穗,Ruisui,"231,449","231,344","462,793",1268,Point (288480.15710000088438392 2599410.55749999964609742),花蓮縣瑞穗鄉四維街13號,288480.1571000009,2599410.5574999996,23.49737009582037,121.37676386687248
E03,瑞芳,Ruifang,"1,843,199","1,981,581","3,824,780",10479,Point (331296.95799999963492155 2778059.34799999929964542),新北市瑞芳區龍潭里明燈路三段82號,331296.95799999963,2778059.3479999993,25.108692835047343,121.80609234450033
A54,田中,Tianzhong,"882,490","887,789","1,770,279",4850,Point (208372.27560000028461218 2639388.24719999916851521),彰化縣田中鎮中州路一段1號,208372.27560000028,2639388.247199999,23.858280086097725,120.59129721211531
A37,白沙屯,Baishatun,"329,391","340,149","669,540",1834,Point (220441.77799999993294477 2717609.65499999932944775),苗栗縣通霄鎮白西里白西131號,220441.77799999993,2717609.6549999993,24.56482649869761,120.70819060199251
A034,百福,Baifu,"959,807","950,968","1,910,775",5235,Point (319988.66199999954551458 2774590.27999999932944775),基隆市七堵區明德三路1之1號,319988.66199999955,2774590.2799999993,25.077942565610105,121.69379637411039
J16,知本,Zhiben,"246,509","244,211","490,720",1344,Point (256236.75210000056540594 2512196.18750000093132257),臺東縣臺東市知本路二段900巷85號,256236.75210000057,2512196.187500001,22.710214509510237,121.06071024096516
E10,石城,Shicheng,"14,404","11,775","26,179",72,Point (345414.17499999981373549 2763708.02400000020861626),宜蘭縣頭城鎮濱海路七段230號,345414.1749999998,2763708.024,24.978315154209675,121.94506281080554
A57,石榴,Shiliu,"81,285","79,306","160,591",440,Point (207180.48900000005960464 2625368.06499999947845936),雲林縣斗六市榴北里文明路26號,207180.48900000006,2625368.0649999995,23.73165230722355,120.58000354612011
A60,石龜,Shigui,"51,765","50,276","102,041",280,Point (196032.86000000033527613 2615202.40799999982118607),雲林縣斗南鎮石溪里,196032.86000000034,2615202.408,23.639525285821506,120.47103474003299
E17,礁溪,Jiaoxi,"649,733","679,837","1,329,570",3643,Point (328368.92999999970197678 2746839.99699999950826168),宜蘭縣礁溪鄉德陽村溫泉路1號,328368.9299999997,2746839.9969999995,24.827012325906217,121.77529383013079
A53,社頭,Shetou,"408,290","414,858","823,148",2255,Point (207310.89169999957084656 2643537.36989999935030937),彰化縣社頭鄉廣興村社站路10號,207310.89169999957,2643537.3698999994,23.895716502491588,120.58075606115881
E09,福隆,Fulong,"383,112","412,641","795,753",2180,Point (345347.83999999985098839 2767872.35199999995529652),新北市貢寮區福隆里福隆街2號,345347.83999999985,2767872.352,25.015911353485023,121.9446932225597
P004,科工館,ScienceandTechnologyMuseum,"650,658","637,086","1,287,744",3528,Point (180726.79770000092685223 2504257.17109999945387244),高雄市三民區大順三路307號,180726.79770000093,2504257.1710999995,22.637111678007447,120.3260440211497
V01,竹中,Zhuzhong,"301,731","313,541","615,272",1686,Point (253173.05599999986588955 2741596.76899999938905239),新竹縣竹東鎮頭重里竹中路145號,253173.05599999987,2741596.7689999994,24.781680046871426,121.03137984889948
A27,竹北,Zhubei,"2,159,454","2,165,300","4,324,754",11849,Point (250956.39099999982863665 2747958.03399999998509884),新竹縣竹北市福德里和平街59號,250956.39099999983,2747958.034,24.839116430244058,121.00946256234376
A32,竹南,Zhunan,"3,210,023","3,247,080","6,457,103",17691,Point (237899.05700000002980232 2731062.72100000083446503),苗栗縣竹南鎮竹南里中山路166號,237899.05700000003,2731062.721000001,24.68652691476377,120.88041912872174
V03,竹東,Zhudong,"212,022","207,697","419,719",1150,Point (259578.76400000043213367 2736785.48200000077486038),新竹縣竹東鎮雞林里東林路196號,259578.76400000043,2736785.482000001,24.738213890724534,121.0946959386017
P09,竹田,Zhutian,"108,021","106,983","215,004",589,Point (202694.47989999910350889 2498564.67149999924004078),屏東縣竹田鄉豐明路27-1號,202694.4798999991,2498564.6714999992,22.58645917163558,120.5399311031803
T116,精武,Jingwu,"543,259","534,911","1,078,170",2954,Point (219294.5930999992415309 2671589.27589999977499247),臺中市東區東光路161號,219294.59309999924,2671589.2759,24.149284815665727,120.69785341341321
E22,羅東,Luodong,"1,671,164","1,668,591","3,339,755",9150,Point (328367.67100000008940697 2730321.91499999910593033),宜蘭縣羅東鎮大新里公正路2號,328367.6710000001,2730321.914999999,24.677889579760368,121.77435668320979
A888,美術館,MuseumofFineArts,"507,068","531,993","1,039,061",2847,Point (176154.29269999978714623 2505947.35410000057891011),高雄市鼓山區翠華路246號B1,176154.2926999998,2505947.3541000006,22.652181627155738,120.28148152981395
T12,臺中,Taichung,"9,213,171","9,107,705","18,320,876",50194,Point (218179.00790000049164519 2670240.21570000099018216),臺中市中區臺灣大道一段1號,218179.0079000005,2670240.215700001,24.137081654808807,120.6869056560749
A43,臺中港,TaichungPort,"43,221","48,664","91,885",252,Point (209644.17530000070109963 2688829.11029999982565641),臺中市清水區甲南路2號,209644.1753000007,2688829.1103,24.304727332194794,120.60241011928906
A10,臺北,Taipei,"22,598,749","22,107,980","44,706,729",122484,Point (302143.80900000035762787 2771129.07200000062584877),臺北市中正區黎明里北平西路3號,302143.80900000036,2771129.0720000006,25.04741646135049,121.51677622094967
A77,臺南,Tainan,"9,076,852","9,272,964","18,349,816",50273,Point (169267.35029999975813553 2544188.20630000019446015),臺南市東區北門路二段4號,169267.35029999976,2544188.2063,22.997185229334253,120.21249244642378
M47,臺東,Taitung,"1,748,910","1,772,345","3,521,255",9647,Point (262643.32049999939044937 2521447.10050000110641122),臺東縣臺東市岩灣路101巷598號,262643.3204999994,2521447.100500001,22.79372365641482,121.12314829136066
A50,花壇,Huatan,"444,914","466,855","911,769",2498,Point (202942.43439999967813492 2657870.49129999987781048),彰化縣花壇鄉中正路370號,202942.43439999968,2657870.4913,24.025012081302375,120.53739352706174
I14,花蓮,Hualien,"3,449,510","3,452,340","6,901,850",18909,Point (311234.75350000022444874 2654378.26429999945685267),花蓮縣花蓮市國聯一路100號,311234.7535000002,2654378.2642999995,23.99299634483893,121.60182542268268
M01,花蓮港,HualienPort,0,0,0,0,Point (314686.79049999971175566 2654505.75649999966844916),花蓮縣花蓮市港口路2號,314686.7904999997,2654505.7564999997,23.994010593126426,121.63575668890876
A40,苑裡,Yuanli,"579,321","572,462","1,151,783",3156,Point (214656.79700000025331974 2704171.03600000031292439),苗栗縣苑裡鎮苑北里中山路165號,214656.79700000025,2704171.0360000003,24.44337032086771,120.6514147282005
T03,苗栗,Miaoli,"2,042,235","2,020,383","4,062,618",11130,Point (232013.70600000023841858 2718161.14200000092387199),苗栗縣苗栗市上苗里為公路1號,232013.70600000024,2718161.142000001,24.56998371364543,120.82242525220802
N05,菁桐,Jingtong,"95,157","87,829","182,986",501,Point (323050.88300000037997961 2768640.14599999971687794),新北市平溪區菁桐街52號,323050.8830000004,2768640.1459999997,25.024082160901244,121.72383472940834
M16,萬榮,Wanrong,"15,785","15,793","31,578",87,Point (292733.68330000003334135 2623198.14409999875351787),花蓮縣鳳林鎮長德街17號,292733.68330000003,2623198.1440999988,23.71206093991668,121.4190919981681
A11,萬華,Wanhua,"1,839,420","1,817,102","3,656,522",10018,Point (300474.47099999990314245 2769563.125),臺北市萬華區富福里康定路382號,300474.4709999999,2769563.125,25.0333357392679,121.50017524954905
E26,蘇澳,Su'ao,"178,077","189,259","367,336",1006,Point (336229.81199999991804361 2721201.27400000020861626),宜蘭縣蘇澳鎮蘇南里太平路1號,336229.8119999999,2721201.274,24.595129451248805,121.85147834097299
E25,蘇澳新,Su'aoxin,"251,379","266,146","517,525",1418,Point (333768.17399999964982271 2722688.4140000008046627),宜蘭縣蘇澳鎮聖愛里中山路二段238號,333768.17399999965,2722688.414000001,24.608690734122874,121.82726112395495
P08,西勢,Xishi,"344,600","331,703","676,303",1853,Point (201315.31969999941065907 2501875.94109999947249889),屏東縣竹田鄉西豐路2號,201315.3196999994,2501875.9410999995,22.616323871529215,120.52641615665088
A33,談文,Tanwen,"19,380","16,620","36,000",99,Point (235677.21999999973922968 2727744.33999999985098839),苗栗縣造橋鄉談文村仁愛路29號,235677.21999999974,2727744.34,24.656546985044344,120.85849690789226
T10,豐原,Fengyuan,"2,837,052","2,922,892","5,759,944",15781,Point (221925.88929999928222969 2683206.23750000074505806),臺中市豐原區中正路1-1號,221925.88929999928,2683206.2375000007,24.254226147762044,120.72351944722251
T02,豐富,Fengfu,"373,746","366,349","740,095",2028,Point (232416.35699999984353781 2721957.79499999992549419),苗栗縣後龍鎮校椅里高鐵一路66號,232416.35699999984,2721957.795,24.604267715156308,120.82635325606373
M11,豐田,Fengtian,"16,473","14,850","31,323",86,Point (300542.96890000009443611 2638327.16469999961555004),花蓮縣壽豐鄉站前街36號,300542.9689000001,2638327.1646999996,23.848442003170458,121.49619422600583
E08,貢寮,Gongliao,"59,377","69,245","128,622",352,Point (341712.15699999965727329 2768522.82499999925494194),新北市貢寮區貢寮里朝陽街33號,341712.15699999966,2768522.8249999993,25.022007804182984,121.90871825093686
A83,路竹,Luzhu,"593,857","606,602","1,200,459",3289,Point (174702.80289999948581681 2528303.42250000033527613),高雄市路竹區中正路288號,174702.8028999995,2528303.4225000003,22.853999120411295,120.2662820794896
C06,車埕,Checheng,"25,631","29,446","55,077",151,Point (236316.34200000017881393 2636485.03399999998509884),南投縣水里鄉車埕村民權巷2號,236316.34200000018,2636485.034,23.83254851055517,120.86567908515096
A48,追分,Zhuifen,"271,916","95,961","367,877",1008,Point (206310.4438999998383224 2668439.33170000044628978),臺中市大肚區追分街13號,206310.44389999984,2668439.3317000004,24.12053704121376,120.57018457581641
A39,通霄,Tongxiao,"322,303","312,628","634,931",1740,Point (217407.04700000025331974 2709485.17100000008940697),苗栗縣通霄鎮通西里中正路109號,217407.04700000025,2709485.171,24.491411096627242,120.6784178865112
T01,造橋,Zaoqiao,"135,893","133,381","269,274",738,Point (236561.22800000011920929 2726119.90300000086426735),苗栗縣造橋鄉造橋村平仁路54號,236561.22800000012,2726119.903000001,24.641888267331243,120.86724602755378
J12,金崙,Jinlun,"210,595","209,275","419,870",1150,Point (246632.43410000001313165 2492410.38729999912902713),臺東縣太麻里鄉金崙村金崙47-17號,246632.4341,2492410.387299999,22.53153385133374,120.96726152173011
T05,銅鑼,Tongluo,"354,512","354,724","709,236",1943,Point (228328.5400000000372529 2708909.06000000052154064),苗栗縣銅鑼鄉銅鑼村大同路13號,228328.54000000004,2708909.0600000005,24.486400429393502,120.78618410747549
P13,鎮安,Zhen'an,"12,421","12,060","24,481",67,Point (199696.19950000068638474 2484342.52830000128597021),屏東縣林邊鄉永和路4號,199696.1995000007,2484342.5283000013,22.457933601935423,120.51122414503821
B01,長榮大學,CJCU,"195,749","190,531","386,280",1058,Point (175343.09529999981168658 2534186.61050000041723251),臺南市歸仁區長榮路一段200巷72弄126號,175343.0952999998,2534186.6105000004,22.90715377363165,120.2722377695763
M39,關山,Guanshan,"201,149","194,905","396,054",1085,Point (266842.00349999906029552 2549348.98429999966174364),臺東縣關山鎮博愛路2號,266842.00349999906,2549348.9842999997,23.045662919964823,121.16434771718195
A72,隆田,Longtian,"483,598","483,449","967,047",2649,Point (180316.83149999953457154 2565772.74019999941810966),臺南市官田區中山路一段1號,180316.83149999953,2565772.7401999994,23.1925924814181,120.31928720694907
C04,集集,Jiji,"47,728","39,244","86,972",238,Point (228086.17100000008940697 2635820.375),南投縣集集鎮民生路75號,228086.1710000001,2635820.375,23.82645526156713,120.78490070271175
E07,雙溪,Shuangxi,"292,655","297,129","589,784",1616,Point (337442.20199999958276749 2770331.52099999971687794),新北市雙溪區新基里朝陽街1號,337442.2019999996,2770331.5209999997,25.03858804240919,121.8665285286868
E16,頂埔,Dingpu,"36,859","36,379","73,238",201,Point (331775.53799999970942736 2748731.19700000062584877),宜蘭縣頭城鎮下埔里下埔路4之8號,331775.5379999997,2748731.1970000006,24.843906931100463,121.80910334688785
E15,頭城,Toucheng,"400,009","407,419","807,428",2212,Point (333116.071000000461936 2750398.34100000001490116),宜蘭縣頭城鎮城北里纘祥路59號,333116.07100000046,2750398.341,24.858884892409353,121.8224652885174
T112,頭家厝,Toujiacuo,"261,268","258,922","520,190",1425,Point (219933.96990000049117953 2676703.03970000054687262),臺中市潭子區頭張東路43巷8號,219933.9699000005,2676703.0397000005,24.195470612530134,120.70403849016928
A30,香山,Xiangshan,"239,909","228,779","468,688",1284,Point (241293.90600000042468309 2739543.45299999974668026),新竹市香山區朝山里中華路五段347巷2弄27號,241293.90600000042,2739543.4529999997,24.763119912837873,120.91391414314096
A92,高雄,Kaohsiung,"5,286,307","5,243,005","10,529,312",28847,Point (178254.47969999990891665 2504545.74890000047162175),高雄市三民區建國二路320號,178254.4796999999,2504545.7489000005,22.639614783683967,120.30197912964931
P01,鳳山,Fengshan,"2,022,651","1,996,050","4,018,701",11010,Point (183916.76039999912609346 2503618.72440000111237168),高雄市鳳山區曹公路70號,183916.76039999913,2503618.724400001,22.631473558891148,120.35710431404624
M15,鳳林,Fenglin,"132,769","130,181","262,950",720,Point (295564.23410000110743567 2627004.24149999907240272),花蓮縣鳳林鎮中山路43號,295564.2341000011,2627004.241499999,23.746350880371967,121.44696793430653
A175,鳳鳴,Fengming,"53,552","52,592","106,144",291,Point (283983.71750000026077032 2762789.15029999986290932),,283983.71750000026,2762789.1503,24.9726389190736,121.33659671192649
A17,鶯歌,Yingge,"3,271,191","3,270,287","6,541,478",17922,Point (285866.17499999981373549 2760788.20500000007450581),新北市鶯歌區東鶯里文化路68之1號,285866.1749999998,2760788.205,24.954530559398787,121.35518966095916
M43,鹿野,Luye,"73,666","72,074","145,740",399,Point (264051.47350000124424696 2534596.79010000079870224),臺東縣鹿野鄉中正路38號,264051.47350000124,2534596.790100001,22.91246571983582,121.13698285914425
P07,麟洛,Linluo,"77,961","75,826","153,787",421,Point (200063.18369999906281009 2503958.95209999848157167),屏東縣麟洛鄉中華路站前巷15號,200063.18369999906,2503958.9520999985,22.635098793073375,120.51417014487804
A90,鼓山,Gushan,"203,808","211,857","415,665",1139,Point (176065.72230000060517341 2504798.9632999999448657),高雄市鼓山區鐵路街20巷6號B1,176065.7223000006,2504798.9633,22.6418073085834,120.28067380830765
A46,龍井,Longjing,"190,820","188,687","379,507",1040,Point (203610.5464999993564561 2676969.00530000030994415),臺中市龍井區龍新路1號,203610.54649999936,2676969.0053000003,24.197475296408093,120.543350055225
C03,龍泉,Longquan,"3,890","5,302","9,192",25,Point (224543.86880000028759241 2636799.90269999951124191),南投縣集集鎮隘寮村(無站房),224543.8688000003,2636799.9026999995,23.835247663810016,120.75011386831872
A36,龍港,Longgang,"12,091","11,850","23,941",66,Point (225514.64499999955296516 2722788.20700000040233135),苗栗縣後龍鎮龍京里公司寮85號,225514.64499999955,2722788.2070000004,24.61167125674048,120.75818160143406
E13,龜山,Guishan,"33,830","33,110","66,940",183,Point (337774.15099999960511923 2755521.00799999944865704),宜蘭縣頭城鎮更新里濱海路三段261號,337774.1509999996,2755521.0079999994,24.904868798281377,121.86887813858549
